id,subreddit,kind,title,score,selftext,sentimento
t3_14jmh7e,funny,t3,Forging A Return to Productive Conversation: An Open Letter to Reddit,1192,"To All Whom It May Concern:

For fifteen years, /r/Funny has been one of Redditâ€™s most-popular communities. That time hasnâ€™t been without its difficulties, but for the most part, weâ€™ve all gotten along (with each other and with administrators). Members of our team fondly remember Moderator Roadshows, visits to Redditâ€™s headquarters, Reddit Secret Santa, April Foolsâ€™ Day events, regional meetups, and many more uplifting moments. Weâ€™ve watched this platform grow by leaps and bounds, and although we havenâ€™t been completely happy about every change that weâ€™ve witnessed, weâ€™ve always done our best to work with Reddit at finding ways to adapt, compromise, and move forward. 

This process has occasionally been preceded by some exceptionally public debate, however.

On June 12th, 2023, /r/Funny joined thousands of other subreddits in protesting the planned changes to Redditâ€™s API; changes which â€“ despite being immediately evident to only a minority of Redditors â€“ threatened to worsen the site for everyone. By June 16th, 2023, that demonstration had evolved to represent a wider (and growing) array of concerns, many of which arose in response to [Redditâ€™s statements to journalists](https://www.washingtonpost.com/technology/2023/06/16/reddit-ceo-blackout-moderators-steve-huffman/). Today (June 26th, 2023), we are hopeful that users and administrators alike can make a return to the productive dialogue that has served us in the past. 

We acknowledge that Reddit has placed itself in a situation that makes adjusting its current API roadmap impossible. 

However, we have the following requests:

- Commit to exploring ways by which third-party applications can make an affordable return.
- Commit to providing moderation tools and [accessibility options](https://www.reddit.com/r/Blind/comments/14ds81l/rblinds_meetings_with_reddit_and_the_current/) (on Old Reddit, New Reddit, and mobile platforms) which match or exceed the functionality and utility of third-party applications.
- Commit to prioritizing a significant reduction in spam, misinformation, bigotry, and illegal content on Reddit.
- Guarantee that any future developments which may impact moderators, contributors, or stakeholders will be announced no less than one fiscal quarter before they are scheduled to go into effect.
- Work together with longstanding moderators to establish a reasonable roadmap and deadline for accomplishing all of the above.
- Affirm that efforts meant to keep Reddit accountable to its commitments and deadlines will hereafter not be met with insults, threats, removals, or hostility.
- Publicly affirm all of the above by way of updating Redditâ€™s User Agreement and Redditâ€™s Moderator Code of Conduct to include reasonable expectations and requirements for administratorsâ€™ behavior. 
- Implement and fill a senior-level role (with decision-making and policy-shaping power) of ""Moderator Advocate"" at Reddit, with a required qualification for the position being robust experience as a volunteer Reddit moderator.

Reddit is unique amongst social-media sites in that its lifeblood â€“ its multitude of moderators and contributors â€“ consists entirely of volunteers. We populate and curate the platformâ€™s many communities, thereby providing a welcoming and engaging environment for all of its visitors. We receive little in the way of thanks for these efforts, but we frequently endure abuse, threats, attacks, and exposure to truly reprehensible media. Historically, we have trusted that Redditâ€™s administrators have the best interests of the platform and its users (be they moderators, contributors, participants, or lurkers) at heart; that while Reddit may be a for-profit company, it nonetheless recognizes and appreciates the value that Redditors provide. 

That trust has been all but entirely erodedâ€¦ but we hope that together, we can begin to rebuild it.

In simplest terms, Reddit, we implore you: **Remember the human**. 

We look forward to your response by Thursday, June 29th, 2023.

Thereâ€™s also just [one other thing](https://i.imgur.com/xLmTxcR.jpg).",Neutro
t3_160kuuf,funny,t3,"] REMINDER] ANY political content will earn an immediate 30-day ban""",702,,"Claro! Por favor, forneÃ§a o texto que vocÃª gostaria que eu analisasse."
t3_1ivnovp,funny,t3,European wife made me PB&amp;J,5037,,"Claro! Por favor, forneÃ§a o texto que vocÃª gostaria que eu classificasse."
t3_1ivfzj1,funny,t3,Linkin Park would be ashamed as to what theyâ€™ve become,18943,,"Claro! Por favor, forneÃ§a o texto que vocÃª gostaria que eu analisasse."
t3_1ivgjce,funny,t3,To prove you are not a Robot,9763,,"Claro! Por favor, forneÃ§a o texto que vocÃª gostaria que eu analisasse."
t3_1ivip26,funny,t3,Yo Get Up ğŸ˜‚ğŸ˜‚,5013,,"Claro! Por favor, forneÃ§a o texto que vocÃª gostaria que eu classificasse."
t3_1iv7ceh,funny,t3,Haha gotcha!,29635,,"Claro! Por favor, forneÃ§a o texto que vocÃª gostaria que eu classificasse."
t3_1ivb4k5,funny,t3,"Man orders drill from AliExpress, receives printed photo of drill instead",4201,,"Claro! Por favor, forneÃ§a o texto que vocÃª gostaria que eu analisasse."
t3_1ivhc6j,funny,t3,"Finally, a whiskey that makes drinking and driving safe!",1059,,"Claro! Por favor, forneÃ§a o texto que vocÃª gostaria que eu analisasse."
t3_1ivi0ks,funny,t3,Toyota Cybertruck,901,,"Claro! Por favor, forneÃ§a o texto que vocÃª gostaria que eu analisasse para classificar o sentimento."
t3_1ivstor,funny,t3,"Beside the Irony, this is the best evidence that your invention works.",139,,"Claro! Por favor, forneÃ§a o texto que vocÃª gostaria que eu analisasse."
t3_1ivfn3r,funny,t3,My WIFI just gave birth to twins,889,The other one in his mother's lap,Neutro
t3_1ivllkv,funny,t3,Burp of Doom,236,Well that was unexpected...,Neutro
t3_1iv48nv,funny,t3,Long distance stare,5332,,"Claro! Por favor, forneÃ§a o texto que vocÃª gostaria que eu analisasse."
t3_1ivq6fs,funny,t3,Saw this in an Argentine Restaurant in the UK,91,,"Claro! Por favor, forneÃ§a o texto que vocÃª gostaria que eu classificasse."
t3_1iut690,funny,t3,Sheâ€™s my hero too,67155,,"Claro! Por favor, forneÃ§a o texto que vocÃª gostaria que eu analisasse."
t3_1ivoi9m,funny,t3,Bro tried his bestğŸ˜­,89,,"Claro! Por favor, forneÃ§a o texto que vocÃª gostaria que eu analisasse."
t3_1ivahbx,funny,t3,"No wife, happy life.",987,This is what I saw on my way to work this morning.,Neutro
t3_1ivoc8p,funny,t3,Seasonal Airport Worker,83,,"Claro! Por favor, forneÃ§a o texto que vocÃª gostaria que eu analisasse."
t3_1ivnql2,funny,t3,Harold and Kumar,78,,"Claro! Por favor, forneÃ§a o texto que vocÃª gostaria que eu classificasse."
t3_1ivq5ve,funny,t3,"Throwing an old rug out, then an idea â€¦",50,â€¦ told the drive thru folks it was Grandma!   ğŸ˜‚ ,Positivo
t3_1ivtejo,funny,t3,No take!,32,,"Claro, por favor, forneÃ§a o texto que vocÃª gostaria que eu analisasse."
t3_1iuwu5x,funny,t3,What Lidl in France sells as American Style Sausagesâ€¦,4763,,"Por favor, forneÃ§a o texto que vocÃª gostaria que eu analisasse."
t3_1iuvhwl,funny,t3,â€œWell Done. Hahahaha ğŸ˜‚â€,4887,,"Claro! Por favor, forneÃ§a o texto que vocÃª gostaria que eu analisasse."
t3_1ivikca,funny,t3,"No, no, it's, um, average-sized...",78,,"Claro! Por favor, forneÃ§a o texto que vocÃª gostaria que eu analisasse."
t3_1ivh2be,funny,t3,You had one job! (Indian national anthem played during the England vs Australia cricket match in Pakistan),76,,"Claro! Por favor, forneÃ§a o texto que vocÃª gostaria que eu analisasse."
t3_1ivednd,funny,t3,He went out on a limb for those tires,128,,"Claro! Por favor, forneÃ§a o texto que vocÃª gostaria que eu analisasse."
